text,real,predicted,category
"Online school a great tool for young scholars that might not graduate on time due to missing school days, or any other inconvenience. Online school could not only help scholars to graduate on time, but also help a portion of scholars that are looking to get a job for future education, or helping their households. Online school may also be a helpful option for scholars with disabilities, or illness that might stop them to attend school.

Although online school might be a good tool for some scholars it can also cause negative outcomes such as students not doing their assign work, or not passing the class due to less time with students. Other issues that must be faced ,are some students not having computers, or not having access to the internet to do their assigned work. Overall online school is a great tool for students that may struggle to attend school. Once its issues are met and something has being done online school may not be only a great tool for some scholars but also an opportunity to finish school without any issues.

In conclusion online school might have many issues but once its issues have being solved and students get help with access to computers, or internet it could make a big impact on young scholars. Online school may also help economy by allowing students to have enough free time to get a job to help in their households, and their future. Therefore online school should be an option in every school to help students achieve their goals, and well being                                                                                                                                                                                                                                                                                                                                                                                                                                                                                                                                                                                                                                                                                                                                                                                   ",0,1,texto humano muy estructurado/formal (parece IA)
"Hey there! So, like, when people ask for advice, they sometimes talk to more than one person, right? And that's actually a pretty smart thing to do. See, seeking multiple opinions can really help someone make a better choice for a few reasons.

First off, when you only talk to one person, you're only getting one perspective. That means you're not getting the full picture, you know? Like, imagine you're trying to put together a puzzle, but you're only using one piece. You're not gonna get the whole image, ya feel me? But, if you talk to multiple people, it's like you're getting multiple pieces of the puzzle. You can see the bigger picture and make a more informed decision.

Another reason seeking multiple opinions is helpful is that it can help you avoid bias. Like, let's say you talk to one person, and they have a really strong opinion on something. They might be really convincing, but they might also be really wrong. If you only listen to them, you might end up making a bad decision. But, if you talk to multiple people, you're more likely to get a well-rounded view of the situation. You can see the pros and cons of different options and make a choice that's best for you.

One more thing to consider is that people have different areas of expertise. Like, my friend Sarah is super into finance, so if I need advice on investing, I'm gonna go to her. But, if I need advice on, like, relationships or something, I might go to my friend Alex instead. He's really good at that stuff. So, by seeking multiple opinions, you can get advice from people who are experts in different areas, and that can be really helpful.

In conclusion (lol, that sounds so formal), seeking multiple opinions can really help someone make a better choice. It gives you a more complete view of the situation, helps you avoid bias, and allows you to get advice from people with different areas of expertise. So, next time you need advice, don't be afraid to ask around! 😊",1,0,registro informal/jerga (IA imita habla casual)
"There are three reasons why I agree that it is more important for students to understand ideas and concepts than it is for them to learn facts. The first reason is that if students do not understand an idea or concept, they will not be able to apply it in the real world. For example, if a student does not know how to use a calculator, he or she will be unable to solve a math problem. Second, students need to know what they are learning so that they can apply the knowledge to real-world situations. Third, the more students know about a subject, and the better they understand the concepts that are being taught in a class or a course, then they have a better chance of succeeding in that course or class.

What is your opinion of the statement, ""Students should be taught facts, not ideas.""? I am not sure if this statement is true or not. I think that students should learn about ideas, but they should also learn the facts about those ideas. Students should know the difference between a fact and an opinion. A fact is something that can be proven or disproven. An opinion, on the other hand, is just a feeling or feeling that a person has about something. In other words, facts and opinions are not the same thing. Facts are things that have been proven to be true. Opinions are just feelings or feelings that people have about things. So, I would say that facts are what students learn in school, while opinions and feelings are learned outside of school.

",1,0,"ensayo IA en registro formal/competente, sin marca aparente (caso dificil, cerca del limite de decision)"
"Hi, my name is Jill and I am a scietist at NASA. I am here to tell you all about the face on Mars. Some people say it was made by aliens but let me tell you, it is just a natral landform.

First off, the face is not even a face. It's just a mounatin that has some features that look a little like eyes and a nose. But, if you look at it from a different angel, it does not look like a face atall. This means that it's just a trick of the eye and not a real face.

Now, the artical we read says that the face is made up of a bunch of difrent rocks. This proves that it's not a face because if it was a real face, it would be made out of the same kind of rock. Also, the rocks that make up the face are all diffrent shapes and sizes. This means that the face is not even a real thing! 

Another thing that proves the face is not a face is that there is a big ol' hole in the side of it. If a alien was gonna make a face, they would not put a big ol' hole in it. It would ruin the efect!

Finally, the artical says that scientists have studied the face on Mars for along time and they can't find any signs that it was made by aliens. This means that all the peoples who say it was made by aliens are just pretending. They don't know what they are talking about.

In conlusion, the face on Mars is not a face at all. It's just a mounatin that looks a little like a face if you look at it in the righ angle. It's made up of difrent kinds of rocks, there's a big hole in it, and scientists have found no signs that it was made by aliens.  So, the next time you here someone talking abour the face on Mars, you can tell them it's just natral!",1,0,registro informal + errores insertados (IA imita humano)
"Studying Venus is a dangerous task, but it is still worth the effort. This is the idea that the author of ""The Challenge of Exploring Venus"" supports. In my opinion, the author did a great job of explaining why exploring Venus is important, despite the risks involved.

One piece of evidence the author used to support their argument is that Venus is similar to Earth in many ways. For example, Venus is about the same size as Earth and it is close to the Sun. This means that studying Venus could help us understand more about our own planet, and maybe even find ways to live on other planets.

Another piece of evidence the author used is that Venus has a thick atmosphere made mostly of carbon dioxide. This makes it very hot on the surface of Venus, which is one of the biggest challenges to exploring the planet. However, the author argues that by overcoming these challenges, we can learn more about how to survive in extreme environments, which could help us if we ever have to leave Earth.

Overall, I think the author did a great job of explaining why exploring Venus is important. They used evidence to support their claims and made a strong argument. I agree with their conclusion that studying Venus is a worthy pursuit despite the dangers involved, and I hope that we continue to explore this fascinating planet.",1,0,"ensayo IA en registro formal/competente, sin marca aparente (caso dificil, cerca del limite de decision)"
"Sometimes people come to me for advice, and I always try to give them the best answer I can. But sometimes, I'm not sure if my opinion is the right one. That's why I think it's a good idea to seek out multiple opinions when making a decision.

For one thing, different people have different areas of expertise. For example, my math teacher is really good at math, but she might not know as much about science. So if someone is trying to decide which class to take, they should ask both my math teacher and my science teacher. That way, they can get a better idea of what each class is like and which one would be best for them.

Another reason it's a good idea to seek out multiple opinions is that people can have different perspectives on the same issue. For example, my parents might have different opinions on what college I should go to. My mom might think that I should go to a big university, but my dad might think that a smaller college would be better for me. By listening to both of their perspectives, I can get a better idea of the pros and cons of each option and make a more informed decision.

Finally, seeking out multiple opinions can help someone avoid bias. For example, if someone only asks one person for advice, that person might have a personal interest in the decision and give biased advice. But if they ask multiple people, they are more likely to get a well-rounded view of the situation and make a decision that is best for them.

In conclusion, seeking out multiple opinions can help someone make a better choice by providing a more complete understanding of the situation, offering different perspectives, and avoiding bias. It's always a good idea to get as much information as possible before making a decision, and seeking out multiple opinions is a great way to do that.",1,0,"ensayo IA en registro formal/competente, sin marca aparente (caso dificil, cerca del limite de decision)"
"The famous artist Michelangelo once said, ""The greater danger for most of us lies not in setting our aim too high and falling short; but in setting our aim too low, and achieving our mark."" His quote implies that completing a low goal is far worse that failure. In my opinion, I agree with Michelangelo's quote; when people aim too low, they are preventing themselves to have learning experiences. In order for growth and improvement, one must be required to step out off their comfort zone. Because aiming high comes with better resluts, it can serve as motivation to completing a goal. Although one may fail while aiming high, you will gain experience and knowledge from the situation.

To begin with, growth comes with attempting to accomplish new things out of your comfort zone. While always staying in your comfort zone, aiming low, you will be confining yourself, which prevents you from improvement. When you set your aim high, it assists with finding out what you are truly capable of. For instance, when working towards a goal, it comes with finding your true self. You can learn about your interests and hobbies, or even new ideas and thoughts that come to mind. When setting you aim high, it improves you as a person and helps with your own growth.

Not to mention, aiming high for a goal is possible when you have the right mentality.

When you aim high, the results are more motivating than when going for a goal set low. For instance, when achieving to graduate high school, one may aim to graduate as valedictorian. Being the valedictorian comes with great results such as getting into a better college or even just feeling better about yourself. If you put your mind to it, belive in yourself, and work hard towards it you will be able to accomplish any goal.

Furthermore, failing at achieving a goal provides experience. When you fail, you can use that situation to understand where you went wrong. In order to succeed the next time you attempt again, you can improve your mistakes. Failing is essential to the learning process as it gives you a chance to better yourself to prevent future mistakes. This knowledge you have accumulated from this certain situation, will be useful if applied to other life problems. On the other hand, when you aim for a low mark, there is no learning lesson you may gain.

However, some people believe nothing is wrong with setting your aim low. Instead, they believe that going for a goal set too high is worse as it means it will come with failure. These people view failing as a discouragement as others may consider them as a weak.

However, aiming high and failing gives you a life-longing experience by having the chance to improve your mistakes. When attempting again, you will have gained the knowledge to do so.

In conclusion, I believe that setting our aim too low and achieving it is far worse than aiming high and failing. For the fact that we need to grow as a person, we can not always stay in our comfort zone. By setting goals too low, we are preventing ourselves to grow and improve. By setting goals to a higher level, we can gain experience and knowledge that comes with the path to achievement. ",0,1,estructura formal con cita (humano parece IA)
"I oppose the idea of schools offering distance learning as an option for students to attend classes,this is because not all students benefit from attending classes from home,and online.

Giving students the choice to attend classes online is a big responsibility; Causing the demand that they must follow instructions,and complete class work tasks. It is true that most students have no problem with this , they complete their agenda and assignments; Thus why they are more comfortable with this method of learning. But this method of learning is not always the case for some students, because it gives this students an opportunity to become nonchalant about their classes; Consequently, they start to fool around and get distracted at times. Attitudes like this can lead to: not meeting up with deadlines, missing daily classworks, poor understanding skills, and ultimately failure. Students that have poor learning skills would be incompetant to take online classes, Which mean at all costs their must be guidance for this kind of students. It is possible that due to a lack of connection with the Teacher in the classroom and the student, it is most likely they would not have the chance to ask further questions or recieve reliable advices from a teacher. In some cases students can benefit from seeking assurance from other students with more knowlegde about the subject, group activites ,and asistance.

In conclusion, distance learning and it's method of teaching is not helpful to every student, because a stystem of learning that benefits all students,and give students opportunity for futher understanding is more beneficial.",0,1,texto humano muy estructurado/formal (parece IA)
"Yo, so like, cell phones are like super common nowadays, right? Like, everyone and their mom has one, and they're always on 'em, even when they're driving. But, like, should they be? That's the real question.

So, like, on one hand, cell phones can be really useful while driving. Like, you can use 'em for GPS, or to call for help if you get in an accident or something. And, like, if you're stuck in traffic, you can use 'em to, like, pass the time, you know? But, like, on the other hand, cell phones can also be, like, super dangerous while driving.

Like, have you ever seen someone texting and driving? It's like, totally crazy, right? They're, like, not even paying attention to the road, and they're just, like, typing away on their phone. And, like, it's not just texting, it's also, like, browsing the internet, or checking social media, or even, like, watching videos. It's, like, totally distracting, and it's, like, really dangerous.

And, like, it's not just the driver that's at risk, it's also, like, other people on the road. Like, if a driver is, like, texting and driving, they might not see, like, a pedestrian crossing the road, or another car stopping in front of them. It's, like, really scary, right?

So, like, in my opinion, drivers should not be able to use cell phones in any capacity while operating a vehicle. It's, like, just too risky, you know? Like, there's, like, already so many distractions while driving, like, other cars, and pedestrians, and road construction, and stuff. We don't need, like, cell phones adding to that, you know?

But, like, at the same time, it's, like, hard to enforce, right? Like, how are cops gonna know if someone is, like, texting and driving, or just, like, using their phone for GPS? It's, like, hard to tell, you know?

So, like, maybe there should be, like, stricter laws about cell phone use while driving. Like, maybe drivers should only be able to use their phones, like, in emergency situations, or when they're, like, completely stopped, you know? That way, they can, like, still use their phones, but they won't be, like, distracted while driving.

In conclusion, like, cell phones can be, like, really useful, but they can also be, like, super dangerous while driving. So, like, it's, like, important to use 'em responsibly, and to, like, follow the laws, you know? And, like, maybe we can, like, all be, like, safer on the road, you know? Thanks for reading, peeps!",1,0,registro informal/jerga (IA imita habla casual)
"Winston Churchill once said ""success consists of going from failure to failure without loss of enthusiasm"", Meaning success can only be achieved by having few mistakes along the way. Many believe achieving success means doing everything perfect and not making one single mistake, having a couple of mistakes doesn't mean failure it means progress to be successful because one can learn from the mistakes that are made and helps improve to achieve something better.

To be successful, there will be some mistakes in the journey but when those mistakes are made learning from them is the best way to accomplish your goal. For example, when one is constructing a house but have little knowledge on construction, the one building the house will mess up and fail at times but the best way to finish something is to learn from what went wrong. To clarify, to accomplish a certain goal, learning from the mistakes along the journey is the best way to do it. Not only learning from mistakes help be successful but it also helps improve one another.

Improvement is a big key in success. Failure will always have a role in success but it happens to help improve to become or do something better. For example, famous altheles in sports make mistakes in games all the time, but from the failures in the past, pro altheles train to improve more to become better and to not make the same mistakes again. In other words, failure may be the worse but it's a way to show what to improve. From mistakes made in the past one will become better or do better than expected.

Having a couple of mistakes doesn't mean failure it means progress to be successful. Failure will play an important role during the journey of success but you learn from mistakes and improve to be better, success isn't perfect, the little mistakes along the way are actually the things that make one get to the top and become successful.",0,1,estructura formal con cita (humano parece IA)
"Introduction:
Hey there! I'm super excited to share my thoughts on the Face on Mars with you. I know some people think it was created by aliens, but let me tell you, it's actually just a natural landform. I've read this really cool article called ""Unmasking the Face on Mars"" and it's got some awesome information that proves my point.

Body:
First of all, the Face on Mars isn't even a face at all! It's just a bunch of hills and valleys that, when looked at from a certain angle, kinda resemble a face. But that's it! It's not like there's a giant Martian head sitting up there or anything. The article says that the Face is actually a formation called a ""mesa"" which is just a flat-topped hill that's been eroded by wind and water over time. That's why it looks so weird!

Another thing that's really cool is that the Face on Mars changes depending on the lighting. Sometimes it looks super clear and defined, and other times it's all fuzzy and hard to see. That's because the shadows and sunlight can make it look different. It's not like aliens are messing with it or anything, it's just the way the sun and shadows work together.

Oh, and get this - the Face on Mars isn't even unique! There are other places on Mars that have similar formations, like the ""Easter Island"" formation that looks like a bunch of heads. But no one's saying that those are aliens either! It's just a funny coincidence that they look like faces.

Evidence from the article that supports my argument includes the fact that the Face is made up of natural geological formations like mesas and valleys. The article also talks about how the Face changes depending on the lighting, which shows that it's not a static structure that was built by aliens. And, as I mentioned before, there are other formations on Mars that look like faces too, so it's not like the Face on Mars is some kind of special, one-of-a-kind thing.

Conclusion:
So, there you have it! I hope I've convinced you that the Face on Mars is just a natural landform and not some alien creation. It's really cool to think about how the wind and water on Mars can shape the landscape in such a unique way, and it's even cooler to think about all the other natural wonders that are waiting to be discovered on the red planet. Thanks for listening to my argument, and I hope you'll join me in the quest to explore and learn more about our amazing universe!",1,0,registro informal/jerga (IA imita habla casual)
"The Facial Action Coding System is a new technology that can detect human emotions. It's like a computer program that can read your face and know how you're feeling. Some people think it's a good idea to use this technology in classrooms to see how students are feeling. But I don't think it's a good idea.

First of all, it's an invasion of privacy. Students should be able to express their emotions without being monitored by a computer. It's like having a camera in the classroom that's always watching you. It would make me feel really uncomfortable.

Secondly, it's not always accurate. The article says that the technology can mistake one emotion for another. So, if a student is actually feeling sad, the computer might say they're angry. That could cause problems. Imagine if a teacher thought a student was angry when they were really just sad. It could lead to misunderstandings and unfair treatment.

Another thing is that it could be used to manipulate students. If a teacher knows how a student is feeling, they could use that information to try to control their behavior. That's not right. Students should be treated with respect and not used as experiments for new technology.

Finally, it's not necessary. Teachers can already tell how students are feeling by looking at their faces and body language. They don't need a computer program to do it for them. It's a waste of money and time.

In conclusion, using the Facial Action Coding System in classrooms is not a good idea. It's an invasion of privacy, it's not always accurate, it could be used to manipulate students, and it's not necessary. Students should be able to express their emotions without being monitored by a computer.",1,0,"ensayo IA en registro formal/competente, sin marca aparente (caso dificil, cerca del limite de decision)"
"Aiming too low and falling short isn't the best way to be successful.

Being confident in what you're doing is great but what if you're too confident ? Not everyone has the same definition of success; Your vision of success might be their way of seeing failure. By setting your goals low, you're taking the potential risk of not attending the necessary capacities expected from you.

When aims are set high, you are also sure to achieve your marks, have the pride of succeeding and be confident in what you're doing, this affects your mood too, therefore you are happy in how well you are doing, have the desire too do even better.

The science fair is coming up this month; Doing a project on volcanoes sounds like a good idea, you're familiar with the subject and have done it before, teachers love projects that demonstrate real life actions, all though; This idea is unoriginal and five other students are thinking the same way as you are, by doing the volcano project, you would be aiming low, you must get out of your comfort zone in order to achieve your goals. Choosing another subject for your scientific project without being boring and using a real life causes would impress the judges, give them useful information without being too specific.

By setting your aim too high you are taking a risk and could possibly fall short, but by aiming low you are closing the opportunities of going bigger and doing something you wouldn't normally do that could lead to potential Utopian future of yours.     ",0,1,texto humano muy estructurado/formal (parece IA)
"Introduction:

Studying Venus is like, super dangerous and stuff, but is it worth it? According to ""The Challenge of Exploring Venus,"" the answer is totally yes! The author thinks it's a good idea to study Venus even though it's, like, really hard and dangerous. In this essay, I'm gonna evaluate how well the author supports this idea.

Body:

First, the author tells us about all the cool things we can learn from studying Venus. Like, did you know that Venus is, like, really similar to Earth? It's true! They both have, like, atmospheres and stuff. So, if we study Venus, we can learn more about Earth and how to, like, take care of it better. Also, the author says that studying Venus can help us understand, like, the whole universe better. That's pretty cool, right?

Second, the author talks about how studying Venus is, like, super hard. The atmosphere is, like, really hot and toxic, and it's hard to, like, survive on the surface. But, the author says that we can, like, learn from our mistakes and keep trying. That's, like, totally true. If we don't give up, we can, like, accomplish anything!

Third, the author talks about how studying Venus is, like, a challenge. But, it's a good kind of challenge. It's, like, a chance for us to, like, prove ourselves and do something amazing. And, if we do, like, succeed, we can, like, learn so much and be, like, total heroes!

Conclusion:

So, is studying Venus a worthy pursuit despite the dangers? Totally! The author gives us, like, so many reasons why it's a good idea. We can learn more about Earth, the universe, and ourselves. Plus, it's, like, a cool challenge that we can, like, totally conquer. So, let's do it! Let's study Venus and, like, make some amazing discoveries!

Claim:

The author effectively supports the idea that studying Venus is a worthy pursuit despite the dangers by highlighting the potential benefits of exploration, acknowledging the challenges, and encouraging perseverance.

Evidence:

* The author states that studying Venus can help us understand Earth and the universe better.
* The author acknowledges the challenges of exploring Venus, but encourages us to learn from our mistakes and keep trying.
* The author describes the opportunity to explore Venus as a challenge that can help us prove ourselves and learn more about ourselves.

Overall, the author does a great job of supporting the idea that studying Venus is a worthy pursuit despite the dangers. By highlighting the potential benefits, acknowledging the challenges, and encouraging perseverance, the author makes a compelling case for exploring Venus.",1,0,registro informal/jerga (IA imita habla casual)
"When people want to make a good choise, they ushally ask for advice. But somethimes they talk to more than one person. This is a good idear because it can help them make a better choise.

First of all, when you talk to only one person, you only get one point of view. That means you don't get to hear other peoples thoughts and ideas. For example, if you want to know if you should get a dog, and you only ask your mom, she might say yes. But if you also ask your dad, he might say no. Then you have to think about both sides and make a decition.

Another reason why seeking mulitple opinions is good is that it can help you find the best solushun. When you talk to different people, they might have different ideas on how to solve a problem. For example, if you want to know how to do better in school, you might ask your teacher, your friend, and your tutor. Your teacher might say do your homework every nite, your friend might say don't worry about it, and your tutor might say practice your math problems. Then you can take all those idears and come up with a plan that works best for you.

Lastly, talking to more than one person can help you not get stuck on one idear. Sometimes when we like something, we can get stuck on it and not think about other options. By talking to different people, you can hear about other options and not get stuck on one thing. For example, if you want to be a baseball player, you might only think about playing in the major leagues. But if you talk to your coach, they might tell you about other leagues you can play in.

In conclusion, seeking multiple opinions is a good idear when you want to make a good choise. It can help you get different point of views, find the best solushun, and not get stuck on one idear. So next time you need advice, don't be afeard to ask more than one person!",1,0,errores ortograficos insertados artificialmente
"In those years more and more people try their best to go to the university to take advanced study. However, many of them are not able to do so because of the high cost of living in the country.

If you want to know more about this topic, you can read the following articles:

",1,0,"ensayo IA en registro formal/competente, sin marca aparente (caso dificil, cerca del limite de decision)"
"What is success without failure?

I can infer that the mentioned statement Prime Minister Winston had provided has an strong point of view from many perspectives. Human behavior mostly influences in their achievements and failures throughout life. To be able to achieved your expected goals without loosing enthusiasm, and demonstrating resilience is the greatest accomplishment. I strongly agree with the Churchill's statement regardless to the critical role failure plays in life. It gives the enthusiasm every individuals need in order to be successful in life, it motivates young minds to follow their expectations, and provides more knowledge in many cases since we learn from our mistakes.

Accordingly to many researches, individuals tend to give up when they are facing an obstacle in a complicated occasion, that prevented most of society to stop achieving their accomplishments due to the constant fear of experiencing failure. Society has been exacerbating this concept by creating irrational fear in those who are not willing to take risks to become better persons once they seemed to have failed, which leads to the mediocrity of the world.

Furthermore, there are many people who were born in a extremely poor region, yet they became successful persons due to the hard work they constantly showed and the multiple failures they have experienced, that helped them work harder on specific goals, and that have made an enormous impact in many young minds since it exposes how someone could be able to achieved anything they are expecting, if you keep trying. If individuals were to give up in the first try, we would be a world with ignorant in it.

Moreover, It is psychological proven that a brain can effectively works in better conditions, if they seem to be in a place where failure could be the main issue. We, as humans tend to follow other's behavior to feel accepted by society. If we keep encouraging people to practice resilience, they would most likely be able to manage every hard situation in life and would have the courage to keep trying even if they are aware they might fail, in other words, they would be practicing negative reinforcement that is based on failing but being aware they could have rewards at the end.

Overall, Failure plays an essential role in the pursuit of success since it gives individuals the challenge of becoming better human being and achieving their goals regardless to the situation. It exposes how human behavior react with the idea that success is not only one extraordinary idea. Success means being able to manage the situation with resilience and perseverance even if they seem to have made multiple mistakes. It influences in many adolescences, gives the hope of being able to achieved their expected accomplishments and it provides higher knowledge from their mistakes. A successful person is the one who have seem to dedicated their time to be able to greatly achieved their dreams. ",0,1,texto humano muy estructurado/formal (parece IA)
"Most employers are looking for expecific characteristics in a potential employee. I writing this card for you Mr, Generic_Name

I totally agree with you are excellent boss ,however, in you store for the present, and future you need good employees. I dont have excellent experience for this work, but Im wonderful cadidate for developing, I learning stremately really fast, and have the skills for this wonderful work. For take this position I always remember there are three most importantly reason there are time, habits and good attitude for customers, and how to socialize with everybody. Im honest person and never give up when I have clear odjectives, and I demostrated you Dear Mr Generic_Name my abilities.

The firstly reason is the time and dinamic is very beneficial for our mind and our spirit. Every single day need to respect our horario for developing our personal work for perceverance we have all the posibilities on our life to build our own character. We need keep moving forward the coriosity keeps leading us new paths and more oportunities in work, and personal lives.

The secondly reason is habits I think everybody have different actions how organize, and develop more suphisticated method of work this is important, for example, when customers go to the restaurant on weekend the tables, and flour everything need to stay crystal clear. The character we learning in home we need to put in practice in our work. Aiming high expectetions and setting big characters to succeed the consistency and perseverance.

The thirdly reason is attitude for developing our work need to stay with people with excellent energy for charger our mind, and everybody demostrated the costumers we are the store with stremaly potential, and very respectful, and kind workers. We have the controlling of store and wonderful attention,and broadly with easy work and constant positivity will make them too soft to compete in the work with struggle attitude have the custumers. In will demostrated our method how interact and socialize with people.

Dear, Mr Generic_Name, I writing this letter for you take cosiderancy. Im good worker and have the skills for this store I promisse you put in practice my specific reason, for example, time, habits and attitude all this things considered it seems reasonable to implement in the work. The are important how to communicate and demostrate responsible in my work and developing, and please take consider my personal opinion thank you.  ",0,1,texto humano muy estructurado/formal (parece IA)
"I totally agree with the statment that most advertisements make products seem much better than they really are. I think this is because most people don't really know what they are looking at when they look at an advertisement. They are just looking for something that will make them feel good about themselves and their lives. When they see a product, they assume that it must be good for them because they have seen it in a magazine, on TV, or heard about it on the radio. The truth is, most of the time, the advertisement is just a way for the manufacturer to sell their product. If the product is good, people will buy it, and if it isn't, then they won't. This is why it is so important to be aware of what you are buying and how it will affect your health and well-being.

",1,0,registro informal + errores insertados (IA imita humano)
"Quite often, we find ourselves needing advice on things we don't know much about. On certain occasions, we search for more than one person for it. People may end up gaining multiple viewpoints from doing such, as well as grasping a better understanding on a matter. They may also think their final decisions over more thoroughly.

When multiple people are questioned about a matter, it's not all likely for all of them to have the same viewpoints. In that way, someone looking for advice from multiple people could possibly gain a more unbiased and logical opinion. From an unbiased standpoint, someone could see a situation with an open minded view.

Questioning multiple people for advice often gives more information on the topic itself. When more is known, it's practical for someone to feel less confused than they may have been before they began asking others for help and advice. One may also feel more at ease with knowing more than less.

A person who may not know how to handle a certain situation may become stressed from the lack of knowledge and experience. With acquired information and opinion, it generally becomes easier to ponder over a situation at hand. While knowing the pros and cons, someone could figure a decision that would be best for them and others involved, if anyone at all.

From derived information one could obtain by looking at multiple views, one could gain more knowledge, peace, and less bias overall. In conclusion, it would be a better idea to search advice on situations from multiple people, if possible, than over a singular individual, to avoid bias.",0,1,texto humano muy estructurado/formal (parece IA)
"Venus is a very hot and dangerous planet, but the author of ""The Challenge of Exploring Venus"" thinks it's still worth studying. In this essay, I will explain why I agree with the author and how they support their idea.

First, the author tells us that Venus is similar to Earth in many ways, like how they're both rocky planets with atmospheres. This means that studying Venus can help us learn more about Earth and how it works. For example, the author says that Venus's thick atmosphere could help us understand how Earth's atmosphere works and how it affects the climate. This is important because climate change is a big problem on Earth, and learning more about it could help us stop it.

Another reason why studying Venus is a good idea is that it's a good place to look for life. Even though Venus is really hot, there might be life forms that can survive there. The author says that there could be microorganisms living in the clouds of Venus, where it's cooler. If we could find life on Venus, it would be a big discovery because it would mean that life can exist in places we didn't think it could.

The author also talks about how studying Venus can help us learn more about the solar system. Venus is close to Earth, so it's a good place to study to learn more about the solar system. By studying Venus, we can learn more about how the solar system works and how it was formed. This is important because it can help us understand more about the universe and how it works.

Even though studying Venus is dangerous, the author thinks it's worth it. They say that the dangers can be managed with the right technology and planning. For example, they suggest that we could send robots to Venus to collect data instead of sending people. This would be safer and cheaper than sending people, and it would still let us learn more about Venus.

In conclusion, the author of ""The Challenge of Exploring Venus"" does a good job of supporting their idea that studying Venus is a worthy pursuit despite the dangers. They give us many reasons why studying Venus is important, like how it can help us learn more about Earth's climate, how it could help us find life, and how it can help us learn more about the solar system. Even though it's dangerous, the author shows us that it's possible to study Venus safely with the right technology and planning. I agree with the author that studying Venus is a good idea, and I think we should keep exploring it to see what we can learn.",1,0,"ensayo IA en registro formal/competente, sin marca aparente (caso dificil, cerca del limite de decision)"
"The Facial Action Coding System is like totally awesome! It can detect like every single emotion that a person is feeling just by looking at their face! It's like a computer can finally understand us humans and what we're feeling! But like, is it really that cool? I mean, like, sure it's interesting and all, but is it like, useful?

In a classroom setting, like, imagine if the teacher had this technology, like, installed on her computer or something. She could like, monitor our faces and be like ""Oh, Johnny is feeling sad today, let me go give him a hug"" or ""Sally is looking confused, let me explain that again."" That's like, so cool, right? But like, also kinda creepy. Like, do we really want a computer judging our emotions all the time? What if like, it's wrong? What if like, I'm just naturally looking mean or something, but I'm actually feeling happy?

Also, like, imagine if the teacher started using it to like, monitor our emotions all the time. That would be so stressful! I mean, like, I don't want to be constantly worrying about how my face looks, like, ""Oh no, am I looking happy enough? Am I looking engaged enough?"" That's like, so much pressure! And like, what if the computer like, mistakes my emotions? What if it's like, ""Oh, Johnny is feeling angry"" when really I'm just like, concentrating hard? That could be so embarrassing!

But like, on the other hand, like, this technology could be super useful for like, special needs students. Like, if a kid has autism or something, it could help the teacher understand their emotions better. Or like, if a student is like, non-verbal, it could help the teacher communicate with them better. That's like, really cool.

So like, in conclusion, the Facial Action Coding System is like, really cool and all, but it's also kinda creepy. It could be useful in some ways, like, for special needs students, but it could also be misused or like, misunderstand our emotions. So like, I don't know if it's like, totally valuable or not. Maybe like, we should just stick to like, asking students how they're feeling instead of relying on a computer to tell us. That's like, more personal and stuff.",1,0,registro informal/jerga (IA imita habla casual)
"When I was younger, I thought that education was a life-long process. I was in high school and I thought that I would have to go to college and get a good job after I graduated. But now, after I have graduated from college, I have realized that education isn't a life-long process.

One reason that I think education isn't a life-long process is because I have had to stop schooling and start working after I graduated from college. I thought that I would be able to stay at my current job for a while, but that wasn't the case. I was only able to stay at my job for a few months before I was fired.

Another reason that I think education isn't a life-long process is because I have had to go back to school to get my degree. I originally thought that I would only have to go back to school once, but I have had to go back to school multiple times. I have had to go back to school to get my degree in accounting, marketing, and business administration.

So, in conclusion, I think that education isn't a life-long process because it is hard to stay in school and get a good job after you have graduated from college, and you have to go back to school multiple times to get your degree.

",1,0,"ensayo IA en registro formal/competente, sin marca aparente (caso dificil, cerca del limite de decision)"
"Nowadays, there are a lot of singers and movie-stars. How do you feel about them? Do you think they deserve to be treated like celebrities?

I don't think so. I think it's a pity that they have to work so hard to get the attention of the public. It's not easy to become a famous person in this day and age. If you're a singer or a movie star, you need to have a good voice, good looks and good acting skills. These are the things that make people want to watch your movies and listen to your songs.

.

",1,0,"ensayo IA en registro formal/competente, sin marca aparente (caso dificil, cerca del limite de decision)"
"Venus is a really cool planet, but it's also super dangerous. Like, you could die just by looking at it! But the author of ""The Challenge of Exploring Venus"" thinks it's still worth studying Venus even though it's so dangerous. I think the author does a good job of making their case, and I'm going to explain why.

First of all, the author tells us that Venus is really important for understanding how Earth works. They say that Venus is like a ""twisted sister"" of Earth, which means that they have a lot in common but also some big differences. By studying Venus, we can learn more about how Earth works and how we can make it a better place. For example, the author says that studying Venus's atmosphere can help us understand how to prevent pollution on Earth. That's really cool, and it makes me want to learn more about Venus!

Another reason why the author thinks studying Venus is worth it is because it's a really big challenge. They say that exploring Venus is like climbing Mount Everest, but instead of climbing a mountain, you're exploring a whole planet! That sounds super hard, but also really exciting. The author also says that studying Venus can help us learn more about space in general, which is really important for humans because we want to explore more of the universe.

Finally, the author says that studying Venus can help us find new ways to live on Earth. They say that Venus is like a ""laboratory"" for testing new technologies and ideas. For example, the author says that we can use Venus to test new ways of growing food in really harsh environments. That's really important because we need to find new ways to feed people on Earth, especially as the population keeps growing.

So, the author does a good job of making their case for why studying Venus is worth it. They give us lots of reasons why Venus is important, and they make it sound really exciting. I think they convince me that studying Venus is a good idea, even though it's really dangerous.

In conclusion, the author of ""The Challenge of Exploring Venus"" does a great job of supporting their idea that studying Venus is worth it. They give us lots of good reasons why Venus is important, and they make it sound like a really exciting adventure. I think we should definitely keep studying Venus, even though it's dangerous, because we can learn so much from it!",1,0,"ensayo IA en registro formal/competente, sin marca aparente (caso dificil, cerca del limite de decision)"
"People find that the traffic already become a terrible problem in those morden cities, those people who live in the cities and the countries spent a lot of time on the way between office and home. The traffic is so bad that it is impossible to get to work or home without a car. It is not possible to go to the beach or the park without the car, and if you want to take a walk, you have to use the bus or a train.

What do you think is the cause of this problem? The problem is caused by the fact that people do not have enough money to buy the cars that they need. This is because of the high cost of living in these countries. If people had more money, they would be able to afford more cars. They would also have more time to spend with their families, which would make them happier and more satisfied with life.

",1,0,"ensayo IA en registro formal/competente, sin marca aparente (caso dificil, cerca del limite de decision)"
"Many people prefer to travel with groups with tour guides, but I totally do not agree with this way of travel. There are many reasons why I don't like the idea of traveling in groups. First of all, I think it's a waste of time and money. If you're going to spend a lot of money on a trip, you might as well spend it on something that will make your trip more enjoyable. Secondly, it can be very difficult to get along with other people when you are traveling with a large group of people. It's very easy to feel like you have to be on the same page as everyone else in order to have a good time. Thirdly, there is a tendency for people in large groups to become very self-centered. They become so focused on themselves that they forget to take care of the people around them. This is especially true when it comes to eating and drinking. I've seen many people who have been traveling for a long time, and they still have no idea how to eat and drink properly when they're traveling. When I was traveling around the world with my family, we had a very strict rule that we didn't eat or drink anything that wasn't brought to us by someone else. We also had to bring our own toilet paper, soap, toothpaste, shampoo, deodorant, shaving cream, etc. When we went on vacation. These are all very basic things that most people take for granted, yet they are very important to having a great time on your travels.

What do you think is the most important thing to remember when traveling? I would say that you should always be prepared for any situation that may come your way. You should know what to do in the event of an emergency. For example, if you find yourself in an area where there are no hotels or hostels, then you need to find a place to stay that is close to where you want to go. Also, make sure that your passport is valid for at least six months before you leave the country. Make sure you know how long your visa will last, so you can plan accordingly. Lastly, always carry a cell phone with you, just in case you run out of battery power or your phone gets lost or stolen.

",1,0,registro informal/jerga (IA imita habla casual)
"Something that i would like to accomplish is raising and taking care of my baby bearded dragon, until it is fully grown and ready to start breeding. I have to feed my bearded dragon its required insects covered in reptile calcium, and bearded dragons need proper lighting. Bearded dragons need these requirements so they can grow up to be healthy and strong, the calcium covered insects makes the bearded dragons bones strong, the UVB lights also help the bearded dragons bones. The climate of a bearded dragons natural habitat is very hot since they can be found every where in Australian deserts.

I want my bearded dragon to grow up being friendly, and not so aggressive, so since bearded dragons are social animals they often need to be in contact with a person and keep being played with or can be taken out of its tank and let it roam around the room. Bearded dragons need to get bigger tanks as they grow old because they get bigger and more curious. This is really important to me because I always loved reptiles as a kid and i want prove to my parents that i am capable of taking care of a bearded dragon.",0,1,texto humano muy estructurado/formal (parece IA)
"Everything has 2 aspects, so it's not easy to assert something is right or wrong.

What do you think is the best way to live with animals? I think it depends on the situation. For example, if you live in a rural area and you have a lot of animals, you should try to keep them as far away from your house as possible. If you are living in an urban area, then you can keep your animals close to your home, but not so close that they get in the way of your daily life.

",1,0,"ensayo IA en registro formal/competente, sin marca aparente (caso dificil, cerca del limite de decision)"
"Introduction

As we all know today, the majority of humans own and operate cell phones on a daily basis.

I will explain if drivers should or should not be able to use cell phones in any capacity while operating a vehicle.

Primarily, I believe that drivers should not be able to use cell phones in any capacity while operating a vehicle but then there are always extenuating circumstances and we will cover both why I believe that drivers should not be able to use cell phones in any capacity while operating a vehicle and the extenuating circumstances that may arise.

For instance, let us look at my home State of Georgia.

According to the Department of Driver Services, ""Drives are allowed to use hands free devices (specific ones) and voice to text with hands free devices and allowed to use permanent mounted GPS, Drivers are allowed to make emergency calls and report hazardous road conditions"" (Source:

dds. georgia. gov).

Further according to DDS Commissioner, Spencer R. Moore, ""Georgia law currently prohibits all drivers, regardless of age, from using a wireless telecommunications devise to engage in writing, sending, or reading any text-based communication.

Teen drivers under the age of 18 who possess either a learner's permit or a provisional license are prohibited from using a wireless telecommunications device for any reason, including voice communication, except in cases of emergency or if the care was lawfully parked"" (p. 1)

These laws were enacted because distracted drivers claim lives and injuries.

I am an 18-year old driver and I have the mindset of an 18-year old so speaking for myself, I do not use a cell phone in any capacity while driving not even my navigation system.

Similarly to adjusting my mirrors and my car seat, I set up my navigation device prior to starting the ignition.

To me, personally, it is far more important to me to arrive alive and to not harm others than to have the conveniences of a cell phone while driving.

Conclusion

In conclusion, primarily, I believe that drivers should not be able to use cell phones in any capacity while operating a vehicle but then there are always extenuating circumstances and I have covered both why I believe that drivers should not be able to use cell phones in any capacity while operating a vehicle and the extenuating circumstances that may arise.

References

Source:

(www. dds. georgia. gov)

Moore, Spencer, (2017).

Georgia Department of Driver Services (DDS) Commissioner Spencer R Moore addresses State Distracted Driving Study, Georgia, p. 1.

Cell Phone Usage While Driving 3 | Page",0,1,texto humano muy estructurado/formal (parece IA)
"Few days ago I happened to read a thread on a bbs; girls were showing the stuff in their handbags. I was curious, so I decided to check it out.

I was surprised to see that there were a lot of girls who said that it was easier to carry a handbag in the past, and that they didn't have to worry about stuff falling out of their bags. But I also noticed that most of the girls in this thread were from the US. So I thought to myself, why is it that girls from other countries seem to have a different opinion on the matter? I mean, it's not like they don't know what they're talking about, right? Well, let me tell you what I found out when I went to the internet to find out more about this topic.

First of all, there is no such thing as a ""handbag"" as we know it today. It's just a piece of luggage that you carry with you everywhere you go. In the old days, people used to use a bag that was made of leather or canvas. These bags were made to be carried on your back, but they were also used for other purposes. For example, they could be used as panniers for a horse or a carriage. They could also be hung from a tree to protect your belongings from rain or snow. Nowadays, we carry our bags with us in our pockets, purses, backpacks, briefcases, etc. There are many different types of bags out there, each with their own advantages and disadvantages. Some of them are designed for carrying heavy stuff, while others are meant for light stuff. The main thing to keep in mind is that the bag you choose should be comfortable for you. If you're carrying a heavy bag, you should make sure that your shoulders and back aren't hurting from all the weight. On the other hand, if your bag is light and you can carry it easily, that's a good thing, because you'll be able to move around more easily and get more done. You should also think about what kind of stuff you want to bring. Do you really need a laptop bag? Or do you just want something that will fit in your pocket? If the answer is yes to either of those questions, then go ahead and go for it.

",1,0,registro informal/jerga (IA imita habla casual)
"I am support should people make their own decisions because they are practice make their own decisions and they are confidence their decisions.

I am support should people make their own decisions because they are practice make their own decisions. If people make their own decisions they should get how to learn their own decisions. They are practice individual make decisions. They are find own idea to make the decisions. They are find more information to make decisions. They are more active their decisions.

I am support should people make their own decisions because they are confidence their decisions. If people make own decision they can do more and more better with confidencecal descions. They involve more confidence. They learn how to show with other people their own decision by confidential. They learn how to improve their decisions with confidence. They are more strong than make with the group thire decisions. They decide what ever they want desions. They show their confidential make with other people.

In conclusion:

I am support should people make their own decisions this is important because they decide what ever they want their decsions.                                                                                                                                                                                                                                                                                                  ",0,1,texto humano muy estructurado/formal (parece IA)
"When peoples ask for advices, they sometimes talk to more than one person. This is a good thing to do because it can help them make a better choise.

One reason why seeking multiplie opinions can help is because different peoples have different perspectives. For example, if you ask your parents and your friends for advice, they might have different ideas about what you should do. Your parents might think that you should do something that is safe and stable, like going to college and getting a job. But your friends might think that you should do something that is more fun and exciting, like traveling or starting your own business. By hearing both sides, you can get a better understanding of the pros and cons of each option and make a more informed decision.

Another reason why seeking multiplie opinions can help is because it can help you avoid bias. Sometimes, peoples can get stuck in their own way of thinking and they might not see all the possibilities. If you only ask one person for advice, they might give you a biased opinion that is not really in your best interest. But if you ask multiple peoples, you can get a more well-rounded view of the situation and make a more fair choise.

For example, let's say you want to buy a new phone. You could ask your friend who works at the phone store for advice, but they might just try to sell you the most expensive phone. But if you also ask your brother who is a tech expert, he might tell you that there are cheaper options that are just as good. By hearing both opinions, you can make a more informed decision and save money.

In conclusion, seeking multiple opinions can help you make a better choise because it gives you different perspectives and helps you avoid bias. So, the next time you need advice, don't be afraid to ask more than one person!",1,0,errores ortograficos insertados artificialmente
"In ""Making Mona Lisa Smile,"" Nick D'Alto introduces a new idea of using computers to intepret emotions from facial expressions. Dr. Thomas Huang envisions a possibility in which online classrooms could use facial analysis in order to more effectively instruct students. However, despite the possible benefits facial analysis could provide online classrooms, things like privacy, practicality, and effectiveness are obstacles that must be addressed.

Privacy has long been one of the post important aspects of life. The same holds true for the internet as well. People value their anonymity, and they often go online in order to be someone else - someone different than they are in real life. Facial recognition requires access to the face, something many internet users are not fond of allowing, especially on the internet where everything is effectively open. Counterarguments might say that online classrooms could keep images of faces secret and secure, but every since the invention of technology, hackers, crackers, and similar people have always been able to exploit security issues and gain access to the databases with images of faces. Many people would rather no one see their faces and have no customized ads or information as opposed to having a computer know ""when [they're] happy or sad."" While facial analysis may prove to be quite a useful and revolutionary technology, many users would forever remain wary that their privacy (and their face) might be compromised.

Praticality also remains an issue for would-be-users of this technology. As D'Alto writes, not everyone's ""home PC [can] handle the complex algorithms used to decode Mona Lisa's smile"" (and subsequently their own). Many would be unwilling to buy a more powerful PC simply to allow the facial analysis software to work. While most, if not all, people acknowledge that education is important, powerful PC's often cost over one thousand dollars, a price that many are unable or unwilling to pay for a convenient online education. Also, there remains the issue of the technology itself. How would it be distributed? Would it be software or would it be built into computers? Would there be a price tag attached? These are all questions that affect how practical this technology is. Imagine people empty their wallet of a couple thousand dollars only to find that the algorithm only comes preinstalled on certain computers, or is incredibly buggy and doesn't work properly. People might argue that users should educate themselves on how the system works before even considering buying the product, but often, for products like this, the information is woefully incomplete or exaggerated. Until the technology can become accessible to the average everyday user, it will fail to successfully be implemented in online classrooms.

Lastly, there remains the question of truly how effective it would be. Softwares relating to human qualities are often rather inconsistent and require extensive testing. Emotions are also a tricky thing, as people sometimes try to hide them or fake them. While D'Alto states that ""to an expert, faces don't lie,"" in a educational setting, that often doesn't matter. Most students are often relatively reluctant to learn, possibly putting their face in a perpetual cycle of anger, disgust, sadness, or even fear. In school, education carries on regardless of emotional state. While teachers do care about the emotional wellbeing of their students, they still must teach like the do any other. In general, emotions are often ignored in the face of studying and education - students study what they need to, no questions asked. This raises the question of truly how useful would facial analysis be in an online classroom? There isn't much computers can do to adjust to human emotions. Computers also lack a soul, so they therefore lack emotions and empathy and sympathy. Without those, how could they possibly understand what a student needs? Humans, as D'Alto states, indeed ""perform this same impressive ""calculation"" every day."" However, humans can also react much more appropriately. Also, there is no guarantee that the technology would read emotions correctly. And unlike fingerprint scanners or facial recognition, there is no second chance with emotions. Either the computer interprets them incorrectly or correctly. The fact remains that having a facial recognition from an online, unemotional avatar simply would not provide many advantages over a regular online classroom.

Nick D'Alto's ""Making Mona Lisa Smile"" provides a detailed analysis of a new, potentially revolutionary technology that could prove incredibly useful in future projects. Facial analysis has the potential to totally revamp our online experience. However, the online classroom isn't one of those places. Due to privacy, praticality, and effectiveness issues, facial analysis seems to be a ratherless worthless technology to implement in an online classroom.",0,1,texto humano muy estructurado/formal (parece IA)
"Hey there fellow citiziens! Today I'm gonna tell you about why we should limit car usage. Now, I know what your thinking, ""But I need my car to get around!"" And trust me, I get it. Cars are super convinient and they've become a big part of our lives. But the thing is, they're also super bad for the enviroment.

According to the passage set, cars produce a ton of pollution. Like, a TON. They release carbon monoxide, nitrogen oxides, and particulate matter into the air. These pollutants can cause respiratory problems, heart disease, and even cancer. And it's not just the cars themselves, it's also the factories that make them and the roads that we build for them. All of these things add up to a lot of harmful emissions.

But it's not just about the enviroment. Cars are also super expensive. Like, have you seen the price of gas lately? It's crazy! And it's not just the gas, it's also the maintenance and the insurance. It's a lot of money that we could be spending on other things, like public transportation or even just walking and biking.

And let's not forget about the traffic. I mean, have you ever been stuck in traffic? It's the worst! It's stressful and it's a huge waste of time. By limiting car usage, we can reduce the amount of cars on the road and make our commutes faster and less stressful.

So, what can we do instead? Well, we can use public transportation more. Buses and trains are way more efficent than cars and they produce way less pollution. We can also bike and walk more. It's great exercise and it's good for the enviroment. And if we really need to use a car, we can carpool. That way, we can reduce the number of cars on the road and still get where we need to go.

In conclusion, limiting car usage is a great way to reduce pollution, save money, and reduce traffic. It might be a little inconvenient at first, but in the long run, it's worth it. So, let's all do our part and try to use cars a little less. Thanks for reading, fellow citiziens!",1,0,registro informal + errores insertados (IA imita humano)
"Introduction:
Hey there! I came across your post on social media where you mentioned that the Face on Mars is proof of alien existence. As a scientist at NASA, I'd like to respectfully disagree with you and explain why I believe the Face is just a natural landform.

Body:
Firstly, let's look at the size of the Face. The article mentions that it's about a mile wide and a mile long. That's huge! But, it's also important to note that the Face is not a perfect rectangle or circle. It's an irregular shape, which is consistent with natural landforms. If aliens were to create a face, wouldn't they want it to be perfectly symmetrical and, you know, actually look like a face?

Secondly, the article talks about the geology of the Face. It's made up of a combination of lava flows, sand, and rocks. That's right, rocks! The article even mentions that the ""eyes"" of the Face are actually two small craters. That's not very alien-like, if you ask me. It sounds like a natural process to me.

Furthermore, the article mentions that the Face is not a unique feature on Mars. There are many other similar formations on the planet, created by the same geological processes. So, it's not like the Face is this one-of-a-kind, anomalous feature that can only be explained by aliens.

Lastly, let's talk about the history of the Face. The article says that it was first observed in the 1970s and has been studied extensively since then. If it were truly an alien creation, don't you think we would have seen some signs of activity or technology around it by now? Like, maybe some alien trash or a Martian selfie stick?

Conclusion:
In conclusion, while the Face on Mars is definitely an interesting feature, it's not proof of alien existence. The size, geology, and history of the Face all point to it being a natural landform. As a scientist, I believe in relying on evidence and reason to explain phenomena, and the evidence just doesn't support the idea that the Face was created by aliens. Thanks for listening to my argument, and I hope you can see why I believe the Face is just a natural part of the Martian landscape!",1,0,registro informal/jerga (IA imita habla casual)
"As time progresses, so do classroom education and the technological innovations applied to it. While teachers search for helpful methods to engage their pupils in education, the world of science develops more and more inventions, such as the Facial Action Coding System, to improve standards of living. Despite its putative effectiveness in other fields such as advertisement or marketing, Facial Action Coding System technology possesses no place of value in a classroom and would serve as a hinderence to a student's learning process.

Although this software may serve as an effective source of profit for online corporations, it has no valueable place in classrooms. In the sixth paragraph of the article ""Making Mona Lisa Smile,"" the author illuminates the possibilites of success human-emotion-recognizing computer software provides in terms the world of marketing, describing how analyzing the emotional response to a Web ad popping up on one's computer screen can mold the variety of its future ads to a more preferred selection (6). While this software may be helpfully applicable to marketing schemes, its analyzation of human emotions would only deter from a student's learning in the classroom due to its possible misinterpretations and miscalculations. Verbal human communication is relied upon to determine what about a lesson plan confuses a student, and although a computer might register a student's confused expression and recognize that the lesson pace might be too fast for this individual scholar, the computer would be unable to pinpoint what exactly the student fails to understand. Other events may be weighing down heavily on a student's mind, causing their face to contort and convey the emotions brought on from factors outside of the learning setting. A change in emotion not caused by a difficult lesson plan would cause the software to possibly alter the lesson pace when the student did not require any adjustment and ultimately generate frustration in the already distressed student.

Although each day, more and more opportunities to develop and improve technology and learning are created, sometimes these brilliant innovations do not mesh well with education. Despite the proposed effectiveness this software can serve for marketing companies, Facial Action Coding System would only produce obstacles to a student's learning process, ultimately diminishing any value it could potentially possess in a classroom.",0,1,texto humano muy estructurado/formal (parece IA)
"Honestly, I do not agree about the important role that failure plays in the pursuit of success. The pursuit of success in life is achieving it in many ways.. Therefore, you can push yourself to be successful by putting in effort.. Failure can lead to serious conflict because then you will not be able to succeed. The important role that failure plays in the pursuit of success is not agreeable because you can overcome obstacles, aiming the goal to success, and to achieve the plan to .success.

First reason, is to overcome the obstacles, for that you must have to work hard. Also, it takes practice the better you get to succeed. Do not give up on something you are overcoming in life. One of the biggest problems that people have in life is not overcoming what they are afraid of and from being afraid will not get you to succeed. Most of all to overcome the obstacles. is to try them not to give up on them.

Second reason, putting a great effort can lead to improving. Efficiently the work you do can increase a great impact towards your achievements. In order to achieve a method, working pays off and by earning it. For example, people push themselves to making progress. Others might work hard in different ways to be successful and to aim what they want. Eventually, when making progress towards something, can influence the goal your improving.

Third reason, to plan the success is to try achieving what your aiming for. In other words, enthusiasm can be those people that want to be successful in life. Pursuit also aims for the goal your trying to influence. When planning goals, is the most valuable thing to achieve. There must always be a plan towards the target you aim. Majority of the people, look for something easy they can achieve in their future goal and that is how they succeed.

Finally, the key to being successful in life is by achieving it. To be honest, I do not agree about the important role that failure plays in the pursuit of improving. Many people find success by putting in effort and time towards big things. It is not to late to start pushing yourself to be successful and being something in life. Therefore, is it not an important role that failure plays in pursuit of success, and to achieve the plan to succeed ",0,1,texto humano muy estructurado/formal (parece IA)
"Seeking multiple opinions can help someone make a better choice because it gives them different perspectives and ideas. When someone faces a decision, they may only see one or two options, but other people might see more. For example, if I am trying to decide on a new hobby, I might only think of playing video games or reading books. But if I ask for advice, someone might suggest trying sports or art. Then I have more choices to consider.

Also, people have different experiences and knowledge. One person might know a lot about one thing, but not much about another. So, if I ask for advice from different people, I get a range of expertise. For instance, if I am trying to choose a career, I might ask my science teacher about jobs in science, but also ask my artist friend about creative careers. Then I get a fuller picture of my options.

Lastly, people have different biases and preferences. Someone might suggest an option because they like it or have had a good experience with it, but that might not be the best choice for me. If I only hear from one person, I might not know that there are downsides or other choices. But if I ask for advice from multiple people, I can weigh the pros and cons and make a more informed decision.

In conclusion, asking for multiple opinions can help someone make a better choice because it gives them a variety of perspectives, expertise, and preferences to consider.",1,0,"ensayo IA en registro formal/competente, sin marca aparente (caso dificil, cerca del limite de decision)"
"Since we were a little child, we have been learning for so many years. We have learned how to read, write, speak, and understand the world around us. It is time for us to take a step back and ask ourselves, ""What do I want to be when I grow up?""

If you are not sure what you want in life, you can always ask your parents. They will be able to give you a good idea of what they think you should be doing with your life.

",1,0,"ensayo IA en registro formal/competente, sin marca aparente (caso dificil, cerca del limite de decision)"
"""Advice leads to experience, experience leads to success."" When seeking advice, have you ever received bad advice?

Bad advice can put yourself in unsavory situations which is why you should always have advice from multiple people. Seeking multiple opinions can help someone make a better choice by providing different perspectives of that decision as well as including insight on experiences that they have gone through that are either the same of similar.

Different perspectives from people can lead to better decisions made.

Everyone has a different background which can include their ethnicity, economic standing, political viewpoints, religion, social structure, profession and so forth.

For example, my mother is a full Korean, democratic person who is a teacher that believes in free health care.

However, my father is a Caucasian, republican person that works at a government job that believes in the complete opposite.

This in turn makes everyone especially unique and different when it comes to viewpoints and perspectives.

When facing a choice, seek different people to get a variety of answers as this can help you discover different possibilities and consequences of your actions.

Furthermore, different perspectives can also leave you with different choices than before.

To summarize, Different perspectives can change someone's decision for the better and lead to less negative effects.

Everyone has faced experiences and problems before in their life.

The more diverse people around you, the more different experiences they have faced and overcame throughout their lives.

Everyone can provide you with insight on the experiences they faced that could be similar or the same as yours.

For example, my father got caught cheating on a test he was taking, but he lied about the cheating to the teacher.

When the truth came out that he lied, the consequences were severe.

This in turn helped my father realize that its better to be honest than to lie at all, which is what he told me when I was caught with little integrity.

In short, experiences that everyone face can lead to more variety in choices.

In summary, the culmination of ideas leads to a more detailed and effective response or choice that can have less negative effects and more positive changes.

Looking for multiple opinions can lead someone to make a better decision by providing different perspectives of that choice as well as including much needed insight on experiences that someone has gone through that are either the same or similar to yours.

Always ask advice from multiple sources to get variety in your decisions and see potential perspectives.",0,1,estructura formal con cita (humano parece IA)
"Since I got a limited an vague idea about education, I've been told that the essence of education is to nurish people and to develop the potential of each individual. What do you think about this? Do you believe that education should be free, or should it be subsidized by the state?

I think it's a good idea to subsidize education. I don't think we should have to pay for it. If you want to go to college, that's fine. But if you're going to get a degree, you should do it for the right reasons, and not just because you have a lot of money. You should get it because it will make you a better person and a more productive member of society. That's the only way you'll be able to make a difference in the world.

",1,0,"ensayo IA en registro formal/competente, sin marca aparente (caso dificil, cerca del limite de decision)"
"Introduction:
Hey there! Have you heard about the Face on Mars? Some people believe it was created by aliens. But let me tell you, that's just not true! The Face is actually a natural landform, and I'm here to tell you why.

Body:
First of all, the Face is just a hill on Mars that looks like a face because of the shadows. As the article says, ""The Face on Mars, located in the Cydonia region, is a flat-topped hill with two distinctive features that give it the appearance of eyes."" The article also says that the Face is made up of ""two symmetrical lobes"" that look like eyes because of the shadows. But just because something looks like a face doesn't mean it was created by aliens!

Secondly, scientists have studied the Face for years, and they've found that it's completely natural. The article says that ""the Face on Mars is thought to have been formed by a combination of geological processes, including erosion, deposition, and plate tectonics."" That means that the Face was created by natural forces, not aliens!

Lastly, the article also says that the Face is not even a unique landform. There are similar landforms on Earth and even on other planets! For example, ""the Face on Mars bears a striking resemblance to the Mesozoic era dinosaur, the Triceratops."" That means that the Face is just a normal part of how planets form, and it's not some strange alien creation.

Conclusion:
So there you have it! The Face on Mars is just a natural landform, not some alien creation. It's important to remember that just because something looks interesting or unusual, it doesn't mean it was created by aliens. Scientists have studied the Face for years, and they've found that it's completely natural. So next time someone tells you that the Face on Mars was created by aliens, you can tell them the truth – it's just a normal part of our solar system!",1,0,registro informal/jerga (IA imita habla casual)
"Hey, I know that some people believe that the Face on Mars is proof that aliens visited our planet, but let's get real here. There's no way that some aliens carved a giant face into the side of a mountain on Mars. I mean, think about it. If they had the technology to travel all the way to Mars and build a face, don't you think they would have left behind more evidence than just a weird mountain?

Plus, the article ""Unmasking the Face on Mars"" explains that the Face is just a natural landform that was created by geological processes. The author, a scientist named Alfred McEwen, says that the Face is actually a mesa, which is like a flat-topped mountain, and that it was formed by erosion and weathering over millions of years. He even has pictures that show how the Face has changed over time, which proves that it's been there for a long time and wasn't just suddenly built by aliens.

I know some people might say that the Face looks too perfect to be natural, but that's just not true. McEwen explains that the Face is actually a pretty common landform in the Martian terrain, and that it's not unusual for mesas to have flat, smooth surfaces. He even compares it to other mesas on Mars that have similar features.

Also, the article talks about how the Face was discovered in 1976 by a NASA spacecraft, and how scientists have been studying it ever since. If aliens had built the Face, don't you think they would have said something about it by now? It's been almost 50 years since it was discovered, and there's still no sign of any alien life on Mars.

So, in conclusion, the Face on Mars is not some supernatural alien creation. It's just a natural landform that was formed by geological processes over millions of years. There's no evidence to support the idea that aliens built it, and plenty of evidence to support the idea that it's just a regular old mesa. Let's be real, people. It's time to stop believing in fairy tales and start trusting the science.",1,0,"ensayo IA en registro formal/competente, sin marca aparente (caso dificil, cerca del limite de decision)"
"What good, on our own, are we to ourselves? In the incomprehensible and seemingly infinite amount of information that has been generated in this world, as independent entities humans cannot understand it or navigate this overload of knowledge because we get too tangled in the weeds of our thoughts to make any sense of it all. Even in simple math problems, how many times have we gotten confused by our own extensive work before a teacher easily shows us that to finally solve said equation we just have to remember to subtract a two? Humans are extremely social creatures, and the language we've created between each other is possibly the most fundamental ingredient to our success as a species, which is why we should seek the advice of many people in order to overcome the Dunning-Kruger effect, detect and eradicate bias, and to generate an exponential combination of said information.

There is a phenomenon known as the Dunning-Kruger Effect, whereas there is a threshold of the knowledge someone may have that grants them much confidence in their manner of speaking in that area without a legitimate amount of knowledge in that area. Put otherwise, people learn enough information to think they're right without knowing enough information to tell if they're wrong. In addition to the Dunning-Kruger effect, there is a sort of hierarchy of skill set well know in psychology. In the bottom of this hierarchy is an unconscious lack of skill, followed by a conscious lack of skill, proceeded by conscious skill and topped with unconscious skill. While as a whole this measurement of skill is very interesting, all we need to know now is that the only way to move from an unconscious lack of skill to a conscious lack of skill is through a teacher because we cannot find ways to improve ourselves if we don't know there's anything to improve. The same could be said for overcoming the false confidence one may feel via in the Dunning-Kruger Effect. In combination of these two things, one can see why having advice from an external force in general is so necessary.

As for seeking advice from varied sources, a combination of different sources can, first of all, help you detect bias. Confirmation bias is when people choose only to listen to others that support their point rather than listening to possible sources of their criticism (obviously done for reasons of self gratification). To avoid falling into an echo chamber filled only with the information one wants to hear, one mustn't simply listen to a singular source, especially if that source only supports what one wants. In order to gather a completed amount of information, one must seek also to find sources that may give neutral and counter confirming information to what is wanted to be heard. Only through the utmost opposition of disagreeing sides can the truth be completely evaluated (this is why lawyers are so important).

There is also a major benefit to accepting advice from varying degrees of experience and opinion, rather than just its ability to help us avoid the danger of bias. Sir Isaac Newton once said something along the lines of, ""I can see far only from standing on the shoulders of giants."" Science is possibly the greatest example to use when displaying how information builds on itself. Scientists use the information of their predecessors to do previously unthinkable things (such as being able to harness fission and create hellish weapons, or the creation of our hyper linked internet, or even our ability to seemingly have complete control of the creation of conscious life itself through the invention of the birth control pill). Science had even advanced so much that the famous philosopher Nietchze proclaimed ""God is dead!"" as humans now found themselves as the gods in this universe. Just as the legendary landmarks of landing on the moon and creating vaccines for dangerous diseases were done through the exponential accumulation of information of many scientists, likewise we can use a diverse range of advice to build everything we had been told on top of itself, creating an exponential increase in our own knowledge in comparison to what our advisers had known.

On our own, sometimes in our own thinking we can get too caught up in the weeds to ever step back and cherish the whole field, and even when our teachers lift us up to cherish the field, even they may not be able to show us the beauty of the valley, and the mountains, and the clouds. It is through the communication between a vast intellect that we find truth and direction. It is through all of the people around us that we may see past our ignorance, and, for this reason, we must seek the advice of multiple people in order to overcome the Dunning-Kruger Effect, detect the truth in bias, and exponentially accumulate the information of the world around us.",0,1,texto humano muy estructurado/formal (parece IA)
"Hey there, I know you think that the Face on Mars is like, totally made by aliens and stuff, but let me tell you, it's not. I mean, sure, it looks kinda like a face, but that's just because our brains are wired to see faces everywhere. It's like when you see a cloud that looks like a dog or something, you know? It's just a natural thing.

So, first of all, let's talk about how the Face on Mars was formed. According to the article, it was made by natural geological processes, like erosion and weathering. That means that over time, the wind and water on Mars wore down the rock and created the Face. It's not like aliens came down and carved it out or anything.

And secondly, the article says that the Face is actually just a hill with a weird shape. It's not even a real face, it's just a bunch of rocks that happen to look like a face. I mean, have you seen the pictures? It's not like it's a super detailed face or anything, it's just a rough shape.

Also, the article talks about how the Face on Mars has changed over time. It's not like it's been the same forever, it's actually eroded a lot since it was first discovered. That means that it's not some kind of ancient alien artifact, it's just a natural landform that's been changing over time.

So, in conclusion, the Face on Mars is not made by aliens, it's just a natural landform that was created by geological processes. It's not some kind of mysterious, supernatural thing, it's just a hill with a funny shape. We shouldn't be so quick to jump to conclusions and assume that everything weird is made by aliens. We should look at the evidence and think about it scientifically.

I hope this helps you understand that the Face on Mars is not made by aliens. It's just a natural part of the planet, and we should appreciate it for what it is.",1,0,registro informal/jerga (IA imita habla casual)
"""Seeking multiple opinions can help someone make a better choice because it gives them different perspectives and ideas. For example, if you ask your friend for advice on what to wear to a party, they might suggest wearing a dress. But if you also ask your mom, she might suggest wearing a nice blouse and pants. Now you have two options to choose from and you can decide which one you like better.

Another reason why seeking multiple opinions is helpful is that it can help you avoid making a bad decision. Sometimes we might not see all the possible consequences of our choices, but other people might be able to see things that we missed. For instance, if you are thinking of quitting your piano lessons, your piano teacher might tell you that you have been doing really well and that you should stick with it. But your best friend might remind you of how much you love playing the piano and how you have always talked about becoming a professional pianist. Hearing both opinions can help you make a more informed decision.

In conclusion, seeking multiple opinions can help someone make a better choice because it gives them different perspectives and ideas, and it can also help them avoid making a bad decision. So, the next time you need advice, don't be afraid to ask different people for their input!""",1,0,"ensayo IA en registro formal/competente, sin marca aparente (caso dificil, cerca del limite de decision)"
"Everyone has a talent or skill. Everyone can do anything, Imagine going to America's got talent and seeing people's talents and skills. I am identifying a talent or skill I have, and explaining how i develop and use it.

To begin with my talent, my talent is roaring like a lion, is like a deep voice and just pushing air in my throat. My other talent is hoola-hooping with my arms, just making circles with my arms for the movement of the hoola-hoop. My final talent is drawing, i enjoy drawing because i can draw what i'm feeling but i need to be more detailed.

Next my skill, my skill is swimming fast, I only use my arms and legs for more movement and i would need a lot of energy for it. My other skill is running fast, I use my legs and ball up my fist for more movement. My final skill is holding my breathe long, it's risky but I would beat my friend's scores.

Finally both of my skill and talent, my favorite talent is roaring because I would scare my friends and it's funny. My favorite skill is swimming fast because I can possibly beat anyone's scores. My least favorite talent is hoola-hooping with my arms because it's not really impressive anymore.

In conclusion, now I believe that everyone has a talent and skill. Don't be afraid to share your talent, embrace it and share it to the world. I am identifying a skill i have using specific details and examples.",0,1,texto humano muy estructurado/formal (parece IA)
"I absolutely agree with the fact that many advertisements make products seem special, even though, maybe, they are not. For example, if I see an advertisement for a new car, I might think, ""Wow, that's a really nice car. It's got a lot of power, and it looks really cool."" However, when I look at the car in real life, it doesn't really have all that much power or coolness to it. The car might have a nice paint job, but it's not really that special. On the other hand, the advertisement might say something like ""This car is the most powerful car on the road today."" This is a very special advertisement, because it'says that this car has all the power in the world. If I were to buy a car like that, then I would be very happy with it, right? I wouldn't have to worry about it breaking down, or that it was going to break down in a couple of years. But, in reality, this is not the case. This car will probably last me a few more years than it will last the person who bought it for $10,000. Why? Because this person didn't do anything to make it last as long as it would have. They just paid a little bit more money for it than I did. In other words, most advertisements don't tell you the truth about what the product is really like.

What are some examples of advertisements that you think are misleading? If you could change one thing about advertising, what would it be? The first thing that comes to my mind is that I think advertisements should be more honest about the quality of the products that they're trying to sell you. Advertising is supposed to be a way to get you to spend money on something you might not otherwise buy. So, why is it that so many products are advertised as being ""better"" than what they actually are? It'seems to me that there are a number of reasons for this. One reason might be that advertisers want to convince you that their product will be better for you than something else that is out there. Another reason could be because they think that if they make a product seem better, people will buy it more often than if it were not advertised that way. And yet another reason may be

",1,0,"ensayo IA en registro formal/competente, sin marca aparente (caso dificil, cerca del limite de decision)"
"The Facial Action Coding System is a new technology that can identify human emotions. It's like a computer can read your face! In the article ""Making Mona Lisa Smile,"" the author talks about how this technology works and how it can be used. I think it's really cool, but I'm not sure if it's a good idea to use it in a classroom.

On the one hand, this technology could be super helpful for teachers. Imagine if your teacher could tell if you're confused or bored just by looking at your face! They could adjust their lesson plan to make sure everyone understands and is engaged. It could also help them spot if someone is feeling sad or anxious, and they could offer support. That's really important, because sometimes students might not want to talk about how they're feeling.

On the other hand, I think it's a little creepy that a computer can read my emotions. What if it's wrong? What if it thinks I'm bored when I'm actually just thinking deeply? What if it thinks I'm confused when I'm actually just daydreaming? It's also a little scary to think about all the data that would be collected. Who would have access to it? How would it be used?

I also worry that this technology could be used to punish students. Like, if a student is caught looking bored or distracted, they might get in trouble. That wouldn't be fair, because maybe they're just having a bad day or they're struggling with the material. It's important for teachers to understand that students are human beings, and we have good days and bad days.

I think it's important for schools to have policies in place to protect student privacy and data security. They should make sure that students and parents are aware of how the technology is being used and what data is being collected. And they should definitely get consent from students and parents before using this technology in the classroom.

In conclusion, while the Facial Action Coding System technology is really cool and could potentially be helpful in a classroom, I think it's important to think carefully about how it's used. We need to make sure that it's used in a way that respects student privacy and doesn't punish students for normal human emotions.",1,0,"ensayo IA en registro formal/competente, sin marca aparente (caso dificil, cerca del limite de decision)"
"Introduction:
Hey there, I know you're really into the idea that aliens created the Face on Mars, but let me tell you, as a scientist at NASA, I'm here to convince you that it's just a natural landform. I know it might seem like a wild idea, but hear me out and let's look at the evidence.

Body:
First of all, let's talk about the size of the Face. The article mentions that it's about a mile wide and a mile long, which is huge! But, it's not that unusual for natural landforms on Mars. In fact, the article says that there are other formations on the planet that are even bigger. So, just because it's big, doesn't mean it's not natural.

Next, let's look at the shape of the Face. It's true that it looks kind of like a face, but that's just a coincidence. The article explains that the Face is actually a hill that was formed by the movement of rocks and soil. It's not a perfect rectangle or anything, it's just a natural shape that happens to resemble a face.

Another thing to consider is the location of the Face. It's not like it's in a remote area where aliens might have easily landed and built it. Nope, it's right in the middle of a bunch of other natural formations. It would have been really hard for aliens to get there without us noticing, don't you think?

Finally, let's talk about the materials that make up the Face. The article says that it's made of the same stuff as the rest of Mars - rocks and soil. There's nothing special or unusual about it. If aliens had built it, wouldn't they have used some kind of advanced technology or materials?

Conclusion:
So, there you have it! I hope I've made a good case for why the Face on Mars is just a natural landform. It's not that exciting, I know, but sometimes the most logical explanation is the best one. I'm not saying aliens don't exist, but in this case, it's just not likely that they built the Face. Thanks for listening to my argument, and I hope you can see things from my perspective!",1,0,registro informal/jerga (IA imita habla casual)
"In modern times, there is a bad phenomenon happens on these famous people. It is called ""celebrity burnout"".

Celebrities burn out when they are constantly bombarded with requests for interviews, photos, autographs, etc. They get tired of answering the same questions over and over again, so they give up and stop doing interviews altogether. This is not a good thing for them or for the people who love them. If you are a famous person, you need to know how to deal with this problem. You can't just ignore it and hope that it will go away on it's own. Here are some tips that will help you to cope with the pressure of being a celebrity.

",1,0,"ensayo IA en registro formal/competente, sin marca aparente (caso dificil, cerca del limite de decision)"
"
Growing up, I was convinced that if I changed my hair, my clothes or my accent, then I would be cool. I thought it would make me popular and likeable. I remember going to a new school and desperately trying to fit in. I tried to mimic the girls that were popular in my class, thinking that if I act like them I would be accepted. After months of trying to change myself, I realized that it only made me feel worse about myself.

I had stopped being true to myself and it had made me feel like a phony. A friend of mine shared a story with me that resonated with how I was feeling. He told me the story of a caterpillar who wanted to be a different color, so it kept trying to change its spots. In the end, the caterpillar realized that beauty came from within, and it became happy with its true nature.

The moral of the story is the importance of being yourself and not trying to be something that you are not. People like us for who we are, not for who we pretend to be. If we are authentic and embody our true selves, we will feel more content and more comfortable in our own skin. In the end, it is better to be proud of who you are, than to pretend to be somebody else.

Therefore, it is important to always be true to yourself. Do not try to force yourself into being someone that you are not. Life will be a lot more enjoyable and fulfilling when you embrace who you are. It is not easy, but it is necessary to be yourself and be comfortable in who you are. Remember, always be true to you.",1,0,"ensayo IA en registro formal/competente, sin marca aparente (caso dificil, cerca del limite de decision)"
"When people ask for advice, they sometimes talk to more than one person. This can really help them make a better choice. One reason is that different people have different ideas and perspectives. If someone only talks to one person, they might not get the whole picture. For example, if someone is trying to decide if they should get a dog, they might ask their friend who has a dog and their parents who don't have a dog. Their friend might say that having a dog is really fun and that it's great to have a companion. But their parents might say that having a dog is a lot of work and that it's expensive. If the person only talked to their friend, they might not have considered the responsibility of taking care of a dog. But if they talked to their parents too, they would have a better understanding of what it's like to have a dog and they could make a more informed decision.

Another reason seeking multiple opinions can help is that it can help someone avoid bias. If someone only talks to one person, they might just hear what they want to hear. For example, if someone is trying to decide if they should take a certain class, they might ask their teacher who thinks the class is really important. But if they also talked to a student who took the class and didn't like it, they might have a different perspective. This would help the person make a more balanced decision.

Also, seeking multiple opinions can give someone more confidence in their decision. If several people agree on the same thing, it's probably a good choice. For example, if someone is trying to decide if they should try out for the school play, they might ask their drama teacher, their friends who are in the play, and their parents. If all of them say that they should try out, then they would feel more confident in their decision.

In conclusion, seeking multiple opinions can really help someone make a better choice. It helps them get a more well-rounded view of the situation, avoid bias, and feel more confident in their decision. So next time you have to make a decision, don't be afraid to ask more than one person for advice!",1,0,"ensayo IA en registro formal/competente, sin marca aparente (caso dificil, cerca del limite de decision)"
"Introduction:
Hey there, so you think that aliens created the Face on Mars? Well, let me tell you, that's just not true. The Face on Mars is just a natural landform, and I'm here to tell you why.

Body:
First of all, let's talk about the size of the Face. According to the article, it's huge, spanning over 1.5 miles across and 1 mile tall. That's definitely not something that could be created by aliens. I mean, think about it, it would take a lot of work to build something like that on a planet that's not even inhabited by humans.

Another thing to consider is that the Face is not even a face at all. It's just a hill with some strange features that, when looked at from a certain angle, kind of look like a face. But honestly, if aliens were going to create a face on Mars, don't you think they would make it more... well, face-like? Not just a bunch of random hills and valleys.

And have you ever heard of pareidolia? It's a psychological phenomenon where people see familiar patterns in random or ambiguous visual stimuli. This is what's happening with the Face on Mars. People are seeing a face because they want to see a face, not because it's actually there.

Conclusion:
So, there you have it. The Face on Mars is not some alien creation, it's just a natural landform that we happen to see as a face. Don't get me wrong, it's still pretty cool, but let's not get carried away with our imagination. We have to rely on science and evidence, not just our desire to believe in something extraordinary. Thank you for listening to my argument, I hope you now see things a little more clearly.",1,0,registro informal/jerga (IA imita habla casual)
"Today, many people go to many countries easily. They do not need a guide, but they do need to know where they are going and how to get there.

I agree with this statement because I have traveled in many different countries and have seen how easy it is to go anywhere in the world with a few hours of planning and a little bit of luck. If you are traveling to a new country, I recommend that you find a local guide who can help you plan your trip and show you the best places to stay, eat, shop, and see. You will be amazed at how much you will learn about the culture and history of the country and the people you meet along the way.!

",1,0,"ensayo IA en registro formal/competente, sin marca aparente (caso dificil, cerca del limite de decision)"
"In every field, school, work, social etc. There will be people who are better than you at one thing and worse at another. If you want to be the best at something, you have to try it out and see if it works for you. The best way to find out if something works is to give it a try.

What do you think is the most important skill to have in order to succeed in life? The ability to think for yourself and to make decisions based on your own values and not on what other people want or expect from you or how they think you should act.

",1,0,"ensayo IA en registro formal/competente, sin marca aparente (caso dificil, cerca del limite de decision)"
"Imagine the earth has nearly 7 billion inhabitants. The population of the United States is about 300 million. If the population continues to grow at the current rate, by the year 2040, the number of cars on the road will have grown to about 1.5 billion, or about one car for every person on earth.

How many cars do you think the world will need in the next 20 years?

",1,0,"ensayo IA en registro formal/competente, sin marca aparente (caso dificil, cerca del limite de decision)"
"Dear Senator,

I'm writting to you today to express my opinion on the Electoral College. I think it's really important that we keep the Electoral College the way it is. A lot of people might say that it's unfair, but I think it's actually really fair.

First of all, the Electoral College makes sure that the president has to win over a broad range of people, not just the ones in big cities. If we had a popular vote system, the president would just have to worry about the big cities and forget about the rest of us. But with the Electoral College, they have to think about everyone.

Another thing is that the Electoral College helps to keep the states equal. If we didn't have it, the big states would have all the power and the small states wouldn't have any. But with the Electoral College, each state has a certain number of votes, no matter how big or small it is. This way, every state has a say in who becomes president.

I know some people say that the Electoral College is undemocratic because it means that the person who wins the most votes doesn't always become president. But I think that's actually a good thing. It means that the president has to have a broad range of support, not just a bunch of people in one place.

Also, the Electoral College is a part of our history and tradition. We've been using it for a long time, and it's worked pretty well so far. I don't think we should change it just for the sake of change.

I know some people might say that the Electoral College is unfair because sometimes a candidate might win the popular vote but lose the election. But like I said before, the Electoral College makes sure that the president has to have broad range of support. And besides, it's not like it happens all the time. It's actually pretty rare.

In conclusion, I think we should keep the Electoral College. It's a fair system that makes sure every state has a say in who becomes president. It's a part of our history and tradition, and it works pretty well. So I hope you'll consider my opinion and keep the Electoral College the way it is.

Sincerely,
[Your Name]",1,0,errores ortograficos insertados artificialmente
"Dear State Senator,

I am writting to you today to express my opinion on the Electoral College. I think it's a good idea to keep it the way it is. I know some people think it's unfair but I don't agree.

First of all, the Electoral College makes sure that the President has to win support from a lot of different places. If we just had a popular vote, the President would only have to worry about the biggest states and the people in the smaller states would get ignored. This way, the President has to care about everyone.

Another thing is that the Electoral College helps to keep the country together. If we didn't have it, the President would just be chosen by the most populous states and the other states would feel left out. This way, everyone gets a say.

I know some people say that the Electoral College is undemocratic because it means that the President can win without getting the most votes. But, as the article we read in class said, that's not always true. In fact, it's only happened a few times in history. And when it does happen, it's usually because the election is really close and the Electoral College helps to make sure that the President is chosen fairly.

I also want to say that changing to a popular vote system would be hard to do. It would take a lot of work and it might even cause some problems. For example, the article we read said that some states might try to rig the election by giving their electoral votes to the candidate they like the most, even if the people in that state didn't vote for them.

So, I think it's best to keep the Electoral College the way it is. It's not perfect, but it works pretty well. And it's been around for a long time, so it must be doing something right.

Thank you for listening to my opinion. I hope you will consider what I said when you're making your decision.

Sincerely,
[Your Name]",1,0,errores ortograficos insertados artificialmente
"Should people make their own decision, or should they seek guidance from experts and authorities about life's important matters ? Some people value self reliance and feel the need to follow their own instincts and ideas. Although these people are confident and trust themselves,I believe people should ask for advice from their parents and other professionals before making important life decisions.

First of all, most people respect and value their parents. For example, when I consider getting another job,I like to discuss my options with my parents. They help me look at both the good and bad things about different job. They bring up things that I may have not thought about. Their advice help me make better decisions. I appreciate their knowledge because they know me very well and want the best for me. Therefor, I thing It' is important to ask for their guidance in these matters.

Secondly, I would ask not only my family, not also my teachers when I make decisions about my education. For instance, after I graduate from high school and earn my diploma I will ask my teacher about the possibility of going to a community college or taking extra classes to help me get a good job that will make me happy and provide me with skills make so that I can live a better life. My teacher have worked hard with me to provide me with guidance and the skills I need to be smart in life.

Thatswhy,

I think people should ask for help and guidance from their parents and teacher before making important life decisions. Both my parents and my teachers know my strengths and weaknesses and can help me in making the best decisions.",0,1,texto humano muy estructurado/formal (parece IA)
"When it comes to advertisements, quite a few people would claim that most advertisements make products seem much better than they really are. However, this is not always the case. In fact, some advertisements can actually make a product seem worse than it really is. For example, if you look at an advertisement for a new car, you might think that the car looks great, but in reality, it might not be as good as you thought it would be. The same goes for advertisements. If you are looking for something that will make you feel good, then you should probably look elsewhere.

The following are some of the most common reasons that people give for why they don't like advertisements: 1. They make things seem too good to be true. 2. It makes people feel bad about themselves. 3. Ads make it'seem like they are trying to sell you something. 4. Advertisements make people think they have to buy something in order to get what they want. 5. There is too much advertising in the media. 6. Too many people watch too many commercials. 7. People are too busy. 8. Advertising is a waste of time. 9. Some people are just not interested in advertising. 10. Many people find it too distracting. 11. Most people do not like advertising because they think it makes them look bad. 12. A lot of advertisements are not true to the product. 13. You can't tell what is real and what isn't. 14. No matter how much you think you like it, there is no way you will ever like something as much as the advertisement makes it look. 15. Even if it is true, most people won't believe it. 16. Everyone is different and has different tastes. 17. We all have different ideas about what we like. 18. Our tastes change over the years. 19. Different people like different things. 20. What you see is what you get.

",1,0,"ensayo IA en registro formal/competente, sin marca aparente (caso dificil, cerca del limite de decision)"
"Introduction: The Face on Mars has been a topic of discussion for many years. Some people believe that it was created by aliens, while others think it is a natural landform. After reading the article 'Unmasking the Face on Mars,' I am convinced that the Face is just a natural landform.

Body Paragraph 1: The first reason why the Face is a natural landform is that it was formed due to erosion. According to the article, the Face was created by wind and water erosion over millions of years. The author also mentions that the Face has a similar structure to other landforms on Mars, which were also formed due to erosion.

Body Paragraph 2: The second reason why the Face is a natural landform is that it does not have any features that suggest it was created by aliens. The author states that there are no signs of intelligent life on Mars, and the Face does not have any markings or symbols that could indicate it was made by aliens.

Body Paragraph 3: The third reason why the Face is a natural landform is that it has been studied by scientists for many years. The author mentions that the Face was first discovered in 1976, and since then, it has been studied by NASA and other organizations. These studies have shown that the Face is a natural landform and not a creation of aliens.

Conclusion: In conclusion, the Face on Mars is a natural landform that was formed due to erosion. It does not have any features that suggest it was created by aliens, and it has been studied by scientists for many years. Therefore, it is safe to say that the Face is not a creation of aliens and is just a natural landform on Mars.",1,0,"ensayo IA en registro formal/competente, sin marca aparente (caso dificil, cerca del limite de decision)"
"Techonology has becoming powerful that let students and teachers to give and receive classes online. Disadvantages or adventages of taking classes online? These question are faced today by students deciding taking online classes. Often students work part or full time jobs while going to school or collage so their time is valuable. these students want to make the right decisions in choosing classes so knowing the disaventage and adventages is important. I believe that online classes is a good opportunity for students as it gives flexibility, they often offer any type of class desired and provide access to faculty, and they often offer accelerate courses.

To begin with, one of the best adventage of online classes is flexibility. A student can usually take the course any time during the day or week. While there are custom essay writing and researching assigments to complete, the precise time to take the class often depends on the student's desire. Students who work are able to take the class based on their schedule. Many students work on afternoon. The flexibility makes it possible for a person to complete the course, while attending school or collage courses in person might be imposible due to their work schedules.

Secondly, another great adventage of online courses is that almost any type of course can be found online. Distance learning course are often avaliable from a number of collages. A person can simply use the google to find a class. While most people believe a disadventage of taking online courses is that the students can not have access to faculty a member, the fact is that many online courses offer a grater access to faculty. Shy students are able to ask questons and receive the answer back almost inmediately.

Lastly, Online courses are convenient for most undergraduate and graduate students who can study when they want and they can finish writing or researching assigments based on their own person schedules. The fact is online classes offer flexibility and conveniece that are often vital to students who work and have families. In addition, many students are looking for classes that are advanced to complete the course faster. The best way to advance in the class is to make it online because in the regular schools it takes a long time as there are students who get behind and the teachers wait for them since everyone has to go at the same time.

To conclude, with online classes, students do all the work at their own pace. As long as they meet their deadlines and participate apropriately online. Also, studying online requires more self motivation and time mangement skills because students will spend a lot of time on their own without someone physically close to keep them focused on deadlines. Online course will not only teach students geology or poetry, it will also help them become more self motivated, a trait that will make them stand out in the workplace and beyond. It will teach educators to be mature choosing right decisions as it will make them explore more and be students with an open mind.         ",0,1,texto humano muy estructurado/formal (parece IA)
"
Throughout this essay, I will explore the importance of trusting people, experiences where my trust has been broken, and how to identify bad influences. 

When I was younger, I made a mistake of accepting a bad friendship with someone who pushed me to make decisions I was uncomfortable with. Despite their bad influence, I trusted them and allowed myself to be controlled for fear of losing them. I soon learned that this person had lied to me and was not the friend I thought they were. I lost more than just a friend, but my trust and faith in someone else. This experience made me realize the importance of being able to trust other people and not succumb to changing just because it's difficult to stay firm about who you are. 

It's essential to determine if a person is a good influence or a bad influence. This can be done by assessing how someone makes you feel, what kind of advice they give you, and how they react when you refuse to do something they ask you to do. Good influences are encouraging, supportive, and understand when you make the decision to be true to yourself. On the other hand, bad influences are often manipulative, disloyal, and quick to be dishonest when things don't go their way. 

I learned the importance of trusting people, but also verifying if they will be a positive or negative presence in your life. It's not wrong to be kind and have faith in those around you, but it's also important to know your limits, pay attention to the red flags, and be confident in your decisions and beliefs.",1,0,"ensayo IA en registro formal/competente, sin marca aparente (caso dificil, cerca del limite de decision)"
"""I mean, yeah, talking to multiple people for advice can definitely help. I guess it's because when you hear different perspectives and ideas, you get a more balanced view on the situation. Plus, everyone has different experiences and knowledge, so they might bring up something you hadn't even thought about. Like, let's say you're trying to decide which college to go to. If you only ask one person, they might just tell you to go to their alma mater because they had a good time there. But if you ask a few people, you'll hear about different schools and what they liked or didn't like about them. Then you can weigh all those factors and make a more informed decision.""",1,0,"ensayo IA en registro formal/competente, sin marca aparente (caso dificil, cerca del limite de decision)"
"The Facial Action Coding System is like totally cool and all, but like, is it really necessary to use it in a classroom? I mean, I get that it can help teachers identify if like, a student is like, super sad or something, but like, isn't that what teachers are for? Like, they're supposed to be all observant and stuff?

I feel like, this technology is like, an invasion of privacy or something. Like, I don't want some computer like, judging my emotions all the time. It's like, creepy. And like, what if the computer like, gets it wrong? Like, what if it thinks I'm like, angry or something, when I'm really just like, concentrating? That would be like, so embarrassing.

But like, on the other hand, I guess it could be useful for like, students who are like, super shy or something. Like, if they're not comfortable expressing their emotions out loud, the computer could like, pick up on it and be like, ""Hey, this kid is like, feeling sad or something."" And then the teacher could like, go over and be like, ""Hey, what's up?"" And like, help them out or something.

So like, I guess it's not like, totally useless or anything. But like, I still don't think it's like, necessary or anything. Like, can't teachers just like, pay attention to their students and stuff? That's like, their job, right?

In conclusion, like, the Facial Action Coding System is like, a pretty cool technology and all, but like, it's not like, totally necessary for use in a classroom. Like, teachers should just like, pay attention to their students and stuff. But like, if they really want to use it, they should like, make sure it's accurate and stuff, and not like, invade students' privacy or anything.",1,0,registro informal/jerga (IA imita habla casual)
"This essay will analyze, discuss and prove one reason in favor of keeping the Electoral College in the United States for its presidential elections. One of the reasons to keep the electoral college is that it is better for smaller, more rural states to have more influence as opposed to larger metropolitan areas that have large populations. The electors from these states are granted two votes each. Those from larger, more populated areas are granted just one vote each. Smaller states tend to hold significant power because their two votes for president and vice president add up more than the votes of larger states that have many electors. This is because of the split of the electoral votes. Some argue that electors are not bound to vote for the candidate who won the most votes nationally. They do not have to vote for their own state's nominee unless their state has a winner take all system. However, there are states that have adopted laws that force their electors to vote for their state's candidate. It seems that, no matter how, electors are not bound to vote for the candidate who won the most nationally. This is not always the case because of state legislatures who can overrule the electors and vote for the alternative candidate their citizens have selected for them, even if the voter lives in a state without a winner take all system.",1,0,"ensayo IA en registro formal/competente, sin marca aparente (caso dificil, cerca del limite de decision)"
"Long long time ago, people began to hold different kinds of sports events, even international ones. For example, the first Olympics were held in Athens, Greece in 1896. It was a time when the country was divided into two parts: the Greek part and the Turkish part. The Greeks wanted to host the Olympics, but the Turks did not want to let the Greeks hold the event. So, a compromise was reached, where both countries would hold their own events. This is how the Olympic Games came to be held at the same time in both Greece and Turkey. However, in the early 1900s, there was an outbreak of war between the two countries, and it was decided that the games would be moved to Paris, France. At that time, Turkey was still under Ottoman rule, while Greece was under the rule of Greece's King George V. After the war was over and Greece had regained it's independence, they held their first Olympic games at Athens in 1924. Since then, each country has held it's own games, with the exception of Turkey, which has never held an Olympics.

What do you think is the most important thing to keep in mind when it comes to sports? I think it is important to remember that sports are not just about winning and losing. They are about having fun and having a good time with your friends and family. Sports are a great way for people to get together and enjoy each other's company. I also think that people should be aware of what is going on around them when they are out and about. If you see something that you don't like, you should speak up and say something to the person who is doing it. Also, if you are in a situation where you feel unsafe, or if someone is harassing you in some way, then you have the right to stand up for yourself and tell someone to stop doing something.

",1,0,"ensayo IA en registro formal/competente, sin marca aparente (caso dificil, cerca del limite de decision)"
"I think that drivers should not be allowed to use cell phones in any capacity while operating a vehicle. The reason for this is that cell phones can be extremely distracting and dangerous. When drivers are using their phones, they are not paying attention to the road and other drivers, which can lead to accidents and even fatalities.

For example, if a driver is texting or talking on the phone, they may not see a pedestrian crossing the street or another car changing lanes. This can cause a serious collision that could have been avoided if the driver had been paying attention.

Furthermore, using a cell phone while driving is illegal in many states and countries. This is because lawmakers recognize the dangers of distracted driving and want to prevent accidents from happening. If drivers are caught using their phones, they can be fined or even have their licenses suspended.

In conclusion, using a cell phone while driving is simply not worth the risk. It distracts drivers from the road and can cause serious accidents. Therefore, it should not be allowed in any capacity while operating a vehicle. It's better to be safe than sorry.",1,0,"ensayo IA en registro formal/competente, sin marca aparente (caso dificil, cerca del limite de decision)"
"Influencing other with positive qualities by expressing action or even he way how we talk, is the best and only way to represent your character. I strongly agree with Albert Schweitzer, a good example by your own behavior the best way to influence other people. Because it represents your positive qualities and as well as culture, and help others understand more about you.

One reason that people should behave positively, is that they can represent them selves to others. As an example, people with positive behave draw others' attention by the way how they physically act and speak. They are easy to convince, open to everyone, and humble. In my real life experience, I have met a lot of these kind of people who I consider as friends now.

I was influenced by them the first time we met, with their positive attitude and respect.

Another reason why reason that people should behave positively, is that they can influence others by their culture. In my real life experience, I have who drew my attention by the way how they interact to others and I wanted to know and learn more about his culture and religion.

In the final analysis, acting positively influence the surrounded people, helps making meet and make new friends.",0,1,texto humano muy estructurado/formal (parece IA)
"Introduction:
Hey there, I know you think the Face on Mars is like, totally made by aliens and stuff, but let me tell you, it's not. I mean, I know it looks like a face and all, but it's just a natural landform. I'm gonna tell you why.

Body:
First of all, the Face is made of natural materials. It's not like someone came along and built it out of concrete or something. It's made of rock and soil, just like the rest of the planet. And that's not all, the article says that the Face is formed by natural geological processes, like erosion and weathering. That means it's been shaped by wind and water over time, just like how the Grand Canyon was formed.

Secondly, the article says that the Face is not a perfect face. It's not like it's staring at us or anything. It's more like a profile, and it's only recognizable because we humans are wired to see faces. It's like when you see a cloud that looks like a dog or something, but it's not actually a dog. It's just our brains playing tricks on us.

Lastly, the article says that there's no evidence of any alien activity on Mars. Like, if there were aliens living there, we would have found some signs of them by now. But we haven't found anything, not even a little green man. So, it's pretty safe to say that the Face is just a natural landform.

Conclusion:
So, there you have it. The Face on Mars is not made by aliens, it's just a natural landform. It's made of rock and soil, shaped by natural processes, and it's not even a perfect face. Plus, there's no evidence of aliens living on Mars. I hope I've convinced you that the Face is not as exciting as it seems. It's still pretty cool though, don't you think?",1,0,registro informal/jerga (IA imita habla casual)
"Companies spend a considerable amount of money in marketing of their products. They do this because they want you to buy their product. If you do not buy the product, they will not make any money.

I agree with this statement. I have seen many advertisements on television, in magazines, on the Internet, and in books that make it'seem as if the advertised product is better or more effective than it really is. For example, I recently saw an advertisement in a magazine that said, ""If you want to lose weight, eat less and exercise more."" The advertisement showed a picture of a person eating a hamburger. The person was wearing a pair of jeans and a T-shirt. In the advertisement, the person looked like he or she was in great shape. However, when I looked at the picture, it was obvious that the man was not in good shape at all. He had a large belly and his arms and legs were very skinny. This advertisement made me think that if I were to eat more hamburgers, my weight would go down and I would be able to run faster and jump higher than I was before. On the other hand, this advertisement did not tell me anything about how much exercise I should be doing or how many calories I needed to be eating each day. It just told me that eating more and exercising more would help me lose the weight I had gained in the past. When I saw the same advertisement a few days later, there was no mention of the fact that my body weight had not gone down, but that it had actually gone up. So, what was the difference between the two advertisements? The first advertisement was misleading because it made it appear as though the advertiser was telling me what to do, while in fact, he was just trying to sell me a product that he knew would not work for me. Another example of this type of advertisement is the television commercial for a weight-loss program that shows a woman who has lost a lot of weight and is now looking great. She is shown walking down the street with her arms outstretched and smiling. Then the commercial cuts to a man who is standing next to her and he is looking at her with disgust and disgust is written all over his face. What is going on in this commercial? Is the woman really looking better

",1,0,"ensayo IA en registro formal/competente, sin marca aparente (caso dificil, cerca del limite de decision)"
"With so much technology already being developed for the analysis of human tendencies, what could one more hurt? Nowadays, manufacturers and creators of products are using technologies and algorithims to analyze everything from shopping preferances, to the economic strengths and weaknesses that characterize a specific a consumer. Not to mention, with facial recognition, and widespread survelliance, complex human interactions are beginnning to be broken down into code. While some may argue against this simply because the idea of being ""watched"" does not appeal to them, these advancements have real-world applications that could actually be quite beneficial to society as a whole. The concept of the FACS program being implemented in classrooms is a concept that really should be taken into heavy consideration. The practical applications of something such as an emotional analysis program within schools, have no end. For this reason, it is concievable that the FACS program should be introduced into the fabric of the modern schooling system.

Imagine if a computer was able to comprehensively custom-tailor lessons for struggling students, based solely on their unconscious reactions to other lessons. Often times this is exactly what a student needs, and what many student activist groups have been proposing for years. The notion that a student could have a lesson that was customized to fit his or her personality, might be exactly what some parents of stuggling (and academically adept) students have been craving. In the article, Making Mona Lisa Smile, by Nick D'Alto, it is stated that, ""A classroom computer could recognize when a student is becoming confused or bored... Then it could modify the lesson, like an effective human instructor."" This is a compelling argument for a fairly simple reason; most students that do not do well in school, claim that it is because they do not enjoy it, or that they do not appreciate the way that information is conveyed to them. However, this can be remedied. The implementation of the FACS program within schools would provide an alternitave to traditional teaching, and could improve the overall experience of students. Besides that, the FACS program could also be used to analyze the general student reaction to a specific topic or concept. This would provide teachers with more insight into the lives and emotions of their students, and allow them to better prepare lectures, and their coverage of that topic. The article also states that, "" Most human communictation is nonverbal, including emotional communication."" Not only would the gathered information be beneficial to other parties for the betterment of schooling, but it would also allow school systems to pick up on particular emotional cues that may only be visible to someone who is emotionally close to a particular student.

This program, without a doubt, offers many helpful options when it comes to its use within school systems. The FACS system should be implemented into the fabric of modern schooling. With so many applications, It would be foolish not to at least experiment with it in a school setting. While it is true that privacy and reliability are great concerns for many people, convenience and better academics are also great concerns in today's modern society. In a culture that is beginning to value knowledge over all else, it is important for schools to employ every method available to them, to better prepare students for the life ahead of them. Technology should not be viewed as an enemy in an academic world. Rather, it should be percieved as a tool. A tool that gives humanity the ability to accomplish whatever can be dreamed, and gives it the resources necessary to lead its people into a golden era of knowledge and education.",0,1,texto humano muy estructurado/formal (parece IA)
